Product ID,Brand,Product Name,Current Stock Qty,Unit Cost (INR),Last Restock Date
P0224,BRAND_C,145/70 R 12 BY-801,15,"2,766.00",1/20/2026
P0222,BRAND_C,145/80 R 12 BY-801,364,"2,876.00",1/20/2026
P0258,BRAND_C,155/65 R 13 BY-801,191,"2,976.00",1/20/2026
P0228,BRAND_C,145/80 R 13 BY-801,26,"3,067.00",12/22/2025
P0168,BRAND_A,145/80 R 13 TR203,167,"3,245.00",6/16/2025
P0260,BRAND_C,155/65 R 14 BY-801,161,"3,281.00",1/20/2026
P0246,BRAND_C,155 R 12 C / 8PR BY-05,167,"3,333.00",1/20/2026
P0226,BRAND_C,165/70 R 12 BY-801,4,"3,334.00",1/20/2026
P0230,BRAND_C,155/80 R 13 BY-801,58,"3,421.00",1/20/2026
P0186,BRAND_A,155/65 R 14 TR203,38,"3,435.00",6/16/2025
P0266,BRAND_C,165/65 R 14 BY-801,35,"3,554.00",1/20/2026
P0164,BRAND_A,165/60 R 14 TR23,18,"3,712.00",6/16/2025
P0238,BRAND_C,165/70 R 14 BY-801,35,"3,713.00",1/20/2026
P0232,BRAND_C,175/70 R 13 BY-801,77,"3,717.00",12/22/2025
P0262,BRAND_C,175/65 R 14 BY-801,16,"3,780.00",12/22/2025
P0205,BRAND_A,165/50 R 16 TR23A,46,"3,833.00",4/25/2024
P0194,BRAND_A,165/55 R 14 TR23A,42,"3,843.00",10/31/2024
P0190,BRAND_A,165/65 R 14 TR203,13,"3,849.00",10/31/2024
P0196,BRAND_A,165/55 R 14 TR203,12,"3,851.00",6/16/2025
P0207,BRAND_A,145 R 12C / 8PR TR06,79,"3,862.00",6/16/2025
P0355,BRAND_B,155/65 R 13 HB608,8,"3,863.00",2/23/2023
P0333,BRAND_B,155/70 R 12 WL HB608,38,"3,870.00",3/24/2023
P0341,BRAND_B,155/70 R 13 H986,2,"3,896.00",12/14/2023
P0188,BRAND_A,165/65 R 14 TR23,3,"3,898.00",9/18/2023
P0234,BRAND_C,175/70 R 14 BY-801,62,"3,921.00",11/6/2025
P0335,BRAND_B,145/80 R 13 H986,68,"3,942.00",5/17/2024
P0173,BRAND_A,165/70 R 14 TR203,70,"3,946.00",6/16/2025
P0204,BRAND_A,165/60 R 15 TR203,8,"3,970.00",6/16/2025
P0236,BRAND_C,185/70 R 13 BY-801,40,"4,065.00",1/20/2026
P0393,BRAND_B,145 R 12 C / 8PR S-888,117,"4,091.00",2/23/2023
P0248,BRAND_C,165 R 13 C / 8PR BY-06,326,"4,246.00",10/25/2025
P0357,BRAND_B,155/65 R 14 HB608,265,"4,264.00",5/17/2024
P0192,BRAND_A,175/65 R 14 TR203,51,"4,270.00",6/16/2025
P0343,BRAND_B,165/70 R 13 H986,99,"4,273.00",2/23/2023
P0395,BRAND_B,155 R 12 C / 8PR S-888,192,"4,302.00",1/27/2022
P0264,BRAND_C,175/65 R 15 BY-801,43,"4,352.00",12/22/2025
P0175,BRAND_A,175/70 R 14 TR203,25,"4,361.00",10/31/2024
P0171,BRAND_A,185/70 R 13 TR203,30,"4,445.00",10/31/2024
P0337,BRAND_B,155/80 R 13 H986,99,"4,512.00",1/27/2022
P0240,BRAND_C,185/70 R 14 BY-801,47,"4,513.00",10/26/2025
P0036,BRAND_A,175/55 R 15 TR210,60,"4,534.00",7/24/2024
P0347,BRAND_B,165/70 R 14 HB608,216,"4,595.00",5/17/2024
P0242,BRAND_C,185/65 R 15 BY-801,75,"4,613.00",1/20/2026
P0197,BRAND_A,175/65 R 15 TR203,255,"4,623.00",4/25/2024
P0371,BRAND_B,165/55 R 15 HB-2,2,"4,677.00",5/17/2024
P0345,BRAND_B,175/70 R 13 HB608,34,"4,704.00",2/11/2023
P0179,BRAND_A,185/70 R 14 TR203,19,"4,706.00",7/18/2024
P0276,BRAND_C,185/55 R 16 BY-998,10,"4,728.00",12/22/2025
P0177,BRAND_A,185/70 R 14 TR23,2,"4,795.00",9/18/2023
P0339,BRAND_B,165/80 R 13 H986,17,"4,829.00",5/17/2024
P0278,BRAND_C,195/55 R 16 BY-998,16,"4,856.00",12/22/2025
P0256,BRAND_C,195/70 R 14 BY-801,30,"4,856.00",1/20/2026
P0244,BRAND_C,195/65 R 15 BY-801,120,"4,873.00",1/20/2026
P0359,BRAND_B,175/65 R 15 HB608,118,"4,879.00",5/17/2024
P0052,BRAND_A,195/50 R 15 TR210,42,"4,889.00",1/6/2026
P0199,BRAND_A,185/65 R 15 TR203,280,"4,918.00",7/18/2024
P0351,BRAND_B,185/70 R 14 HB608,148,"4,920.00",5/17/2024
P0016,BRAND_A,185/65 R 14 TR17,70,"4,941.00",4/10/2025
P0032,BRAND_A,185/60 R 15 TR201,99,"5,092.00",2/11/2026
P0018,BRAND_A,185/65 R 15 TR17,79,"5,124.00",7/2/2025
P0349,BRAND_B,175/70 R 14 H986,40,"5,126.00",5/17/2024
P0037,BRAND_A,185/55 R 15 TR30,77,"5,139.00",2/11/2026
P0397,BRAND_B,165 R 13 C / 8PR S-888,143,"5,158.00",2/11/2023
P0030,BRAND_A,185/60 R 15 TR17,6,"5,180.00",7/24/2024
P0201,BRAND_A,195/65 R 15 TR203,343,"5,191.00",4/25/2024
P0039,BRAND_A,195/55 R 15 TR30,67,"5,210.00",12/23/2025
P0020,BRAND_A,185/65 R 15 TR201,291,"5,285.00",2/11/2026
P0361,BRAND_B,185/65 R 14 HB608,110,"5,289.00",7/26/2021
P0367,BRAND_B,185/60 R 15 HB608,70,"5,301.00",5/17/2024
P0280,BRAND_C,205/55 R 16 BY-998,7,"5,318.00",12/22/2025
P0373,BRAND_B,185/55 R 15 HB608,22,"5,345.00",1/18/2023
P0282,BRAND_C,205/60 R 16 BY-801,32,"5,376.00",1/20/2026
P0034,BRAND_A,195/60 R 15 TR30,60,"5,380.00",12/23/2025
P0250,BRAND_C,185 R 14 C / 8PR BY-05,448,"5,448.00",11/6/2025
P0033,BRAND_A,195/60 R 15 TR23,4,"5,489.00",12/24/2019
P0384,BRAND_B,195/50 R 15 HB608,13,"5,498.00",1/18/2023
P0268,BRAND_C,205/65 R 15 BY-801,58,"5,520.00",12/22/2025
P0041,BRAND_A,185/55 R 16 TR30,238,"5,553.00",2/11/2026
P0023,BRAND_A,195/65 R 15 TR201,273,"5,555.00",1/6/2026
P0181,BRAND_A,195/70 R 14 TR23,26,"5,567.00",6/16/2025
P0050,BRAND_A,195/50 R 16 TR30,39,"5,569.00",2/11/2026
P0363,BRAND_B,185/65 R 15 HB608,141,"5,590.00",5/17/2024
P0043,BRAND_A,195/55 R 16 TR30,58,"5,601.00",1/6/2026
P0375,BRAND_B,185/55 R 16 HB-2,186,"5,638.00",1/23/2024
P0302,BRAND_C,215/45 R 17 BY-998,14,"5,654.00",12/22/2025
P0021,BRAND_A,195/65 R 15 TR17,18,"5,671.00",7/24/2024
P0053,BRAND_A,205/50 R 16 TR30,16,"5,753.00",12/23/2025
P0073,BRAND_A,165 R 13 C / 8PR TR100,398,"5,756.00",1/6/2026
P0047,BRAND_A,205/55 R 16 TR201,24,"5,758.00",1/6/2026
P0365,BRAND_B,195/65 R 15 HB608,109,"5,835.00",5/17/2024
P0014,BRAND_A,195/70 R 14 TR17,173,"5,837.00",2/11/2026
P0353,BRAND_B,195/70 R 14 H986,29,"5,837.00",2/23/2023
P0304,BRAND_C,225/45 R 17 BY-998,54,"5,841.00",10/10/2025
P0386,BRAND_B,195/50 R 16 HB-2,16,"5,843.00",8/8/2023
P0028,BRAND_A,195/60 R 16 TR30,68,"5,901.00",2/11/2026
P0377,BRAND_B,195/55 R 15 HB608,36,"5,907.00",1/21/2022
P0252,BRAND_C,195 R 14 C / 8PR BY-05,146,"5,967.00",1/20/2026
P0183,BRAND_A,205/70 R 14 TR23,1,"5,977.00",10/31/2024
P0081,BRAND_A,205/55 R 17 TR201,72,"6,035.00",4/10/2025
P0045,BRAND_A,205/55 R 16 TR30,1,"6,114.00",4/13/2023
P0027,BRAND_A,205/65 R 15 TR201,70,"6,133.00",4/10/2025
P0389,BRAND_B,205/50 R 15 HB608,18,"6,147.00",7/2/2021
P0378,BRAND_B,195/55 R 16 HB-2,23,"6,156.00",1/23/2024
P0048,BRAND_A,205/55 R 16 TR17,4,"6,159.00",1/25/2025
P0124,BRAND_A,215/45 R 17 TR30,147,"6,217.00",2/11/2026
P0388,BRAND_B,205/50 R 16 HB-2,19,"6,261.00",1/18/2023
P0254,BRAND_C,195 R 15 C / 8PR BY-05,175,"6,299.00",1/20/2026
P0306,BRAND_C,235/45 R 17 BY-998,33,"6,299.00",10/10/2025
P0057,BRAND_A,205/60 R 16 TR17,42,"6,330.00",7/24/2024
P0059,BRAND_A,205/60 R 16 TR201,30,"6,356.00",2/11/2026
P0055,BRAND_A,205/60 R 16 TR30,2,"6,373.00",5/25/2023
P0025,BRAND_A,205/65 R 15 TR17,9,"6,395.00",5/10/2024
P0308,BRAND_C,215/55 R 17 BY-998,36,"6,398.00",1/20/2026
P0380,BRAND_B,205/55 R 16 HB1EVO,24,"6,472.00",2/23/2023
P0286,BRAND_C,215/65 R 16 BY-HT987,7,"6,633.00",10/25/2025
P0060,BRAND_A,215/60 R 16 TR17,32,"6,649.00",2/11/2026
P0294,BRAND_C,215/75 R 15 BY-AT987,52,"6,652.00",1/20/2026
P0122,BRAND_A,225/45 R 17 TR30,16,"6,671.00",1/25/2025
P0296,BRAND_C,195/75 R 16C/ 8PR BY-06,12,"6,676.00",8/26/2025
P0399,BRAND_B,185 R 14 C / 8PR S-888,87,"6,691.00",2/23/2023
P0130,BRAND_A,225/40 R 18 TR30,12,"6,711.00",5/10/2024
P0084,BRAND_A,215/55 R 17 TR201,154,"6,753.00",2/11/2026
P0066,BRAND_A,215/50 R 17 TR30,48,"6,832.00",2/11/2026
P0425,BRAND_B,215/45 R 17 HB1EVO,16,"6,844.00",5/17/2024
P0106,BRAND_A,235/45 R 17 TR30,38,"6,993.00",11/13/2025
P0409,BRAND_B,215/50 R 17 HB-2,63,"6,996.00",3/24/2023
P0062,BRAND_A,225/60 R 16 TR30,10,"7,000.00",1/25/2025
P0216,BRAND_A,225/40 Z R 19 TR41,18,"7,000.00",6/16/2025
P0104,BRAND_A,245/45 R 17 TR30,29,"7,002.00",2/11/2026
P0320,BRAND_C,225/55 R 18 BY-HP987,35,"7,061.00",12/22/2025
P0082,BRAND_A,215/55 R 17 TR30,90,"7,167.00",12/23/2025
P0288,BRAND_C,215/65 R 16C/ 8PR BY-06,39,"7,170.00",12/22/2025
P0284,BRAND_C,235/60 R 16 BY-HT987,9,"7,221.00",12/22/2025
P0310,BRAND_C,225/60 R 17 BY-HT987,37,"7,240.00",12/22/2025
P0150,BRAND_A,215/65 R 16 TR17,14,"7,263.00",2/11/2026
P0069,BRAND_A,215/60 R 17 TR17,46,"7,288.00",2/11/2026
P0401,BRAND_B,195 R 14 C / 8PR S-888,68,"7,297.00",5/17/2024
P0423,BRAND_B,225/45 R 17 HB1EVO,7,"7,367.00",1/18/2023
P0128,BRAND_A,225/40 Z R 18 TR41,3,"7,370.00",10/4/2024
P0405,BRAND_B,195/70 R 15 C / 8PR S-888,25,"7,438.00",1/23/2024
P0214,BRAND_A,215/75 R 15 P TR15,4,"7,493.00",4/25/2024
P0413,BRAND_B,215/55 R 17 HB608,44,"7,516.00",5/17/2024
P0312,BRAND_C,225/65 R 17 BY-HT987,56,"7,568.00",12/22/2025
P0087,BRAND_A,225/65 R 17 TR30,35,"7,580.00",12/23/2025
P0071,BRAND_A,225/60 R 17 TR17,65,"7,588.00",12/23/2025
P0369,BRAND_B,225/60 R 16 HB608,18,"7,772.00",8/8/2023
P0085,BRAND_A,225/55 R 17 TR30,36,"7,783.00",12/23/2025
P0382,BRAND_B,225/55 R 16 HB-2,25,"7,787.00",1/23/2024
P0429,BRAND_B,245/45 R 17 HB1EVO,32,"7,882.00",5/17/2024
P0427,BRAND_B,235/45 Z R 17 HB1EVO,43,"7,891.00",1/23/2024
P0132,BRAND_A,245/40 Z R 18 TR41,23,"7,898.00",4/10/2025
P0298,BRAND_C,215/75 R 16C/ 10PR BY-06,17,"7,909.00",1/20/2026
P0064,BRAND_A,235/60 R 16 TR17,63,"7,932.00",2/11/2026
P0439,BRAND_B,205/75 R 14 C / 8PR WL HB-8,1,"7,951.00",5/17/2024
P0209,BRAND_A,195/75 R 16C / 10PR TR06,14,"7,974.00",6/16/2025
P0075,BRAND_A,185 R 14 C / 8PR TR100,413,"7,992.00",1/6/2026
P0446,BRAND_B,225/45 Z R 18 HB1EVO,19,"8,072.00",1/23/2024
P0218,BRAND_A,255/35 Z R 19 TR41,14,"8,088.00",7/18/2024
P0411,BRAND_B,225/50 R 17 HB-2,30,"8,095.00",1/18/2023
P0322,BRAND_C,235/60 R 18 BY-HP987,58,"8,149.00",1/20/2026
P0300,BRAND_C,235/75 R 15/ 6PR BY-AT987,5,"8,195.00",1/20/2026
P0324,BRAND_C,235/55 R 19 BY-HP987,27,"8,229.00",12/17/2024
P0441,BRAND_B,205/75 R 15 C / 8PR WL HB-8,5,"8,405.00",5/17/2024
P0156,BRAND_A,225/55 R 18 TR50,78,"8,419.00",12/23/2025
P0403,BRAND_B,195 R 15 C / 8PR S-888,1,"8,443.00",5/17/2024
P0102,BRAND_A,215/70 R 16 TR28 OWL,134,"8,454.00",12/23/2025
P0458,BRAND_B,265/35 R 18 HB1EVO,8,"8,558.00",1/18/2023
P0211,BRAND_A,205/75 R 16C / 10PR TR06,46,"8,559.00",6/16/2025
P0450,BRAND_B,225/55 R 18 HB-2,55,"8,602.00",9/13/2023
P0448,BRAND_B,225/50 Z R 18 HB-2,74,"8,607.00",12/14/2023
P0391,BRAND_B,225/60 R 17 HB-9,50,"8,607.00",1/23/2024
P0077,BRAND_A,195 R 14 C / 8PR TR06X,434,"8,628.00",1/6/2026
P0158,BRAND_A,235/55 R 18 TR50,34,"8,710.00",12/23/2025
P0407,BRAND_B,195/75 R 16 C / 8PR S-888,18,"8,710.00",1/23/2024
P0431,BRAND_B,215/70 R 16 OWL HB-8,2,"8,719.00",8/8/2023
P0415,BRAND_B,225/65 R 17 HB-9,86,"8,752.00",5/17/2024
P0152,BRAND_A,225/60 R 18 TR50,27,"8,925.00",12/23/2025
P0079,BRAND_A,195 R 15 C / 8PR TR06X,1085,"9,035.00",2/11/2026
P0154,BRAND_A,235/60 R 18 TR50,115,"9,051.00",2/11/2026
P0314,BRAND_C,245/65 R 17 BY-AT987,34,"9,061.00",5/27/2025
P0126,BRAND_A,225/40 Z R 18 TR20A,15,"9,149.00",4/10/2025
P0134,BRAND_A,235/75 R 15 P TR15,76,"9,212.00",4/10/2025
P0089,BRAND_A,235/65 R 17 TR15,15,"9,259.00",1/25/2025
P0091,BRAND_A,235/65 R 17 P TR50,20,"9,265.00",2/11/2026
P0318,BRAND_C,265/65 R 17 BY-HT987,36,"9,446.00",12/22/2025
P0290,BRAND_C,265/70 R 16 BY-AT987,57,"9,451.00",1/20/2026
P0114,BRAND_A,235/70 R 16 P TR15,22,"9,584.00",12/23/2025
P0162,BRAND_A,235/55 R 19 TR50,51,"9,672.00",11/13/2025
P0452,BRAND_B,235/55 R 18 HB-9,31,"9,708.00",12/14/2023
P0092,BRAND_A,245/65 R 17 TR15,19,"9,909.00",4/10/2025
P0316,BRAND_C,265/65 R 17 BY-AT987,56,"9,929.00",12/22/2025
P0433,BRAND_B,235/70 R 16 OWL HB-8,7,"9,969.00",2/11/2023
P0462,BRAND_B,245/45 Z R 19 HB-2,21,"10,081.00",4/21/2021
P0270,BRAND_C,31 x 10.50 R 15 LT / 6PR BY-AT987,13,"10,083.00",12/22/2025
P0454,BRAND_B,235/60 R 18 HB-9,68,"10,154.00",5/17/2024
P0160,BRAND_A,265/35 Z R 18 TR20A,7,"10,466.00",5/25/2023
P0108,BRAND_A,245/70 R 16 TR28 OWL,17,"10,686.00",11/13/2025
P0435,BRAND_B,235/75 R 15 / 6PR OWL HB-6,93,"10,742.00",5/17/2024
P0147,BRAND_A,215/85 R 16/ 10PR LT TR28 OWL,46,"10,973.00",12/23/2025
P0419,BRAND_B,265/65 R 17 HB-9,43,"10,996.00",5/17/2024
P0421,BRAND_B,265/70 R 16 HB-8,26,"11,189.00",5/17/2024
P0272,BRAND_C,31 x 10.50 R 15 LT / 6PR BY-MT987,71,"11,195.00",1/20/2026
P0116,BRAND_A,225/75 R 16/ 10PR LT TR05,28,"11,252.00",4/10/2025
P0465,BRAND_B,275/40 Z R 20 HB-9,18,"11,545.00",8/8/2023
P0110,BRAND_A,255/70 R 16 TR28,32,"11,604.00",12/23/2025
P0463,BRAND_B,255/55 R 19 HB-9,14,"11,678.00",1/23/2024
P0460,BRAND_B,265/60 R 18 HB-9,32,"11,679.00",1/23/2024
P0095,BRAND_A,265/65 R 17 TR28,134,"11,833.00",11/13/2025
P0136,BRAND_A,235/75 R 15 LT/ 6PR TR05,42,"11,970.00",11/13/2025
P0137,BRAND_A,30 x 9.5 R 15/ 6PR OWL TR28,4,"11,988.00",12/7/2023
P0112,BRAND_A,265/70 R 16 TR28,122,"12,076.00",12/23/2025
P0097,BRAND_A,275/65 R 17 TR15,42,"12,243.00",5/8/2024
P0444,BRAND_B,31 x 10.5 R 15 OWL HB-6,23,"12,330.00",2/11/2023
P0467,BRAND_B,315/35 Z R 20 HB9,24,"12,432.00",3/24/2023
P0417,BRAND_B,265/65 R 17 HB-8,22,"12,475.00",5/17/2024
P0094,BRAND_A,265/65 R 17 TR52,1,"12,684.00",3/22/2021
P0140,BRAND_A,31 x 10.5 R 15/ 6PR OWL TR28,90,"12,860.00",12/23/2025
P0292,BRAND_C,265/75 R 16/ 10PR LT BY-MT987,16,"12,984.00",1/20/2026
P0117,BRAND_A,265/75 R 16 TR28,8,"13,002.00",5/10/2024
P0148,BRAND_A,235/85 R 16/ 10PR LT TR28,57,"13,248.00",11/13/2025
P0331,BRAND_C,215/75 R 17.5 /16 PR (LO111),107,"13,898.00",10/10/2025
P0437,BRAND_B,265/75 R 16 OWL HB-7,18,"13,976.00",8/8/2023
P0213,BRAND_A,285/65 R 17 P TR28,117,"14,057.00",10/31/2024
P0120,BRAND_A,265/75 R 16/ 6PR LT TR28 OWL,12,"14,156.00",9/17/2025
P0138,BRAND_A,31 x 10.5 R 15/ 6PR OWL TR05,43,"14,431.00",7/24/2024
P0142,BRAND_A,31 x 10.5 R 15/ 6PR OWL TR29,286,"14,753.00",12/23/2025
P0274,BRAND_C,33 x 12.5 R 15 LT / 6PR BY-MT987,30,"15,048.00",8/26/2025
P0099,BRAND_A,245/70 R 17/ 10PR LT TR29 OWL,36,"15,260.00",3/7/2024
P0143,BRAND_A,32 x 11.5 R 15/ 6PR OWL TR29,85,"15,505.00",12/23/2025
P0100,BRAND_A,285/70 R 17 P TR28,7,"15,988.00",1/25/2025
P0332,BRAND_C,235/75 R 17.5 /16 PR (LO111),68,"16,085.00",1/20/2026
P0144,BRAND_A,33 x 12.5 R 15/ 6PR OWL TR28,66,"16,686.00",12/23/2025
P0146,BRAND_A,33 x 12.5 R 15/ 6PR MT OWL TR29,47,"18,010.00",4/10/2025
P0121,BRAND_A,285/75 R 16/ 10PR LT TR29 OWL,46,"18,855.00",2/11/2026
P0326,BRAND_C,825 R 16/16 PR LO301 (SET),52,"19,607.00",2/27/2025
P0330,BRAND_C,11 R 22.5/ 18 PR (LO301),129,"21,066.00",10/10/2025
P0327,BRAND_C,900 R 20 / 16PR LO104 (SET),43,"22,545.00",1/20/2026
P0329,BRAND_C,1000 R 20/18 PR LO105 (SET),49,"24,173.00",11/6/2025
P0002,BRAND_D,11 R 22.5 /18 PR (CT53),84,"24,289.00",6/18/2025
P0220,BRAND_C,295/80 R 22.5 /18 PR (VS788),277,"24,471.00",11/6/2025
P0328,BRAND_C,1000 R 20/18 PR LO104 (SET),100,"24,521.00",4/9/2025
P0003,BRAND_D,11 R 22.5 /18 PR (CS03),78,"24,642.00",2/11/2026
P0221,BRAND_C,295/80 R 22.5 /18 PR (VS806),100,"25,467.00",2/27/2025
P0009,BRAND_D,295/80 R 22.5 /18 PR (CT05),7,"26,265.00",8/24/2024
P0007,BRAND_D,295/80 R 22.5 /18 PR (CT23),7,"26,990.00",8/24/2024
P0005,BRAND_D,295/80 R 22.5 /18 PR (CS03V),42,"27,234.00",2/11/2026
P0008,BRAND_D,295/80 R 22.5 /18 PR (CD01),286,"28,677.00",2/20/2025
P0012,BRAND_D,315/80 R 22.5 /20 PR (CS03),47,"30,080.00",2/20/2025
P0001,BRAND_D,1000 R 20/18 PR CT23 (SET),719,"30,512.00",1/19/2026
P0013,BRAND_D,315/80 R 22.5 /20 PR (CD01),84,"30,949.00",2/20/2025
P0011,BRAND_D,315/80 R 22.5 /20 PR (CT23),24,"32,123.00",8/23/2024
P0166,BRAND_A,145/80 R 12 TR17,76,#N/A,6/16/2025
P0119,BRAND_A,265/75 R 16/ 10PR LT TR29 OWL,12,#N/A,12/23/2025